1986,1,1,6,-77,-90,10118,290,26,9,-9999,-9999,010040-99999
1986,1,1,12,-80,-119,10114,350,21,9,-9999,-9999,010040-99999
1986,1,1,18,-96,-123,10114,140,26,2,-9999,-9999,010040-99999
1986,1,2,6,-113,-156,10098,190,26,0,-9999,0,010040-99999
1986,1,2,12,-105,-153,10090,140,62,0,-9999,-9999,010040-99999
1986,1,2,18,-104,-163,10080,150,51,0,-9999,0,010040-99999
1986,1,3,12,-140,-198,10070,270,51,0,-9999,-9999,010040-99999
1986,1,3,18,-167,-206,10068,150,21,0,-9999,0,010040-99999
1986,1,4,6,-161,-204,10076,160,21,0,-9999,0,010040-99999
1986,1,4,12,-176,-228,10096,130,21,0,-9999,-9999,010040-99999
1986,1,4,18,-184,-236,10100,150,21,0,-9999,0,010040-99999
1986,1,5,6,-59,-113,10112,180,113,8,-9999,0,010040-99999
1986,1,5,12,-75,-89,10121,270,77,8,-9999,-9999,010040-99999
1986,1,5,18,-80,-90,10123,320,77,8,-9999,-9999,010040-99999
1986,1,6,6,-135,-164,10128,300,72,8,-9999,0,010040-99999
1986,1,6,12,-135,-157,10130,280,51,8,-9999,-9999,010040-99999
1986,1,6,18,-144,-177,10123,310,77,8,-9999,-9999,010040-99999
1986,1,7,6,-202,-241,10120,150,21,0,-9999,0,010040-99999
1986,1,7,12,-190,-216,10117,250,26,0,-9999,-9999,010040-99999
1986,1,7,18,-203,-231,10115,150,31,0,-9999,0,010040-99999
1986,1,8,6,-192,-226,10109,140,31,6,-9999,0,010040-99999
1986,1,8,12,-206,-237,10093,260,10,3,-9999,-9999,010040-99999
1986,1,8,18,-224,-255,10064,0,0,1,-9999,0,010040-99999
1986,1,9,6,-225,-260,10095,160,10,0,-9999,0,010040-99999
1986,1,9,18,-234,-276,10161,180,10,0,-9999,0,010040-99999
1986,1,10,12,-112,-156,10159,270,31,8,-9999,-9999,010040-99999
1986,1,10,18,-103,-129,10136,130,87,9,-9999,-9999,010040-99999
1986,1,11,6,-104,-161,10104,150,41,4,-9999,-9999,010040-99999
1986,1,11,12,-103,-176,10094,0,0,6,-9999,-9999,010040-99999
1986,1,11,18,-103,-183,10094,130,41,6,-9999,0,010040-99999
1986,1,12,12,-140,-195,10084,140,41,7,-9999,-9999,010040-99999
1986,1,12,18,-117,-171,10069,0,0,6,-9999,0,010040-99999
1986,1,13,6,-105,-148,10047,120,72,6,-9999,0,010040-99999
1986,1,13,12,-140,-172,10058,110,98,9,-9999,-9999,010040-99999
1986,1,13,18,-162,-187,10056,110,144,9,-9999,-9999,010040-99999
1986,1,14,6,-168,-187,10070,120,123,9,-9999,-9999,010040-99999
1986,1,14,12,-150,-190,10081,120,108,8,-9999,-9999,010040-99999
1986,1,14,18,-157,-217,10095,130,134,2,-9999,0,010040-99999
1986,1,15,6,-184,-246,10119,100,72,0,-9999,0,010040-99999
1986,1,15,12,-189,-256,10126,140,41,0,-9999,-9999,010040-99999
1986,1,15,18,-187,-258,10137,130,31,0,-9999,0,010040-99999
1986,1,16,6,-200,-260,10130,190,21,0,-9999,0,010040-99999
1986,1,16,12,-205,-257,10128,260,21,8,-9999,-9999,010040-99999
1986,1,16,18,-152,-170,10126,270,15,8,-9999,-9999,010040-99999
1986,1,17,6,-138,-190,10134,270,21,0,-9999,-9999,010040-99999
1986,1,17,12,-151,-198,10134,270,15,8,-9999,-9999,010040-99999
1986,1,17,18,-129,-183,10121,330,26,4,-9999,0,010040-99999
1986,1,18,6,-128,-199,10179,180,36,8,-9999,0,010040-99999
1986,1,18,12,-114,-242,10176,270,46,7,-9999,-9999,010040-99999
1986,1,18,18,-121,-208,10084,360,10,8,-9999,0,010040-99999
1986,1,19,6,-106,-128,10079,100,10,8,-9999,-9999,010040-99999
1986,1,19,12,-95,-97,10070,130,10,8,-9999,-9999,010040-99999
1986,1,19,18,-91,-93,10055,320,31,8,-9999,-9999,010040-99999
1986,1,20,6,-139,-142,10079,330,10,7,-9999,-9999,010040-99999
1986,1,20,12,-127,-145,10055,-9999,-9999,8,-9999,-9999,010040-99999
1986,1,20,18,-120,-142,10046,120,21,8,-9999,-9999,010040-99999
1986,1,21,18,-71,-73,10045,360,41,8,-9999,-9999,010040-99999
1986,1,22,6,-9999,-9999,10062,120,15,9,-9999,-9999,010040-99999
1986,1,22,12,-75,-89,10067,280,62,7,-9999,-9999,010040-99999
1986,1,22,18,-9999,-9999,10062,270,21,7,-9999,-9999,010040-99999
1986,1,23,6,-151,-177,10044,140,31,7,-9999,-9999,010040-99999
1986,1,23,12,-177,-207,10040,130,10,7,-9999,-9999,010040-99999
1986,1,23,18,-205,-215,10030,260,10,0,-9999,0,010040-99999
1986,1,24,6,-210,-250,10020,280,26,0,-9999,0,010040-99999
1986,1,24,12,-217,-241,10012,300,26,0,-9999,-9999,010040-99999
1986,1,24,18,-210,-257,9997,310,26,0,-9999,0,010040-99999
1986,1,25,6,-226,-252,9970,100,21,0,-9999,0,010040-99999
1986,1,25,12,-175,-189,9978,290,31,5,-9999,-9999,010040-99999
1986,1,25,18,-132,-156,10008,310,82,9,-9999,-9999,010040-99999
1986,1,26,6,-209,-223,10063,280,26,0,-9999,-9999,010040-99999
1986,1,26,12,-117,-165,10024,150,82,9,-9999,-9999,010040-99999
1986,1,26,18,-74,-82,9922,130,195,9,-9999,-9999,010040-99999
1986,1,27,6,-5,-55,9899,150,62,8,-9999,-9999,010040-99999
1986,1,27,12,-9999,-9999,9920,250,26,9,-9999,-9999,010040-99999
1986,1,27,18,-3,-17,9942,260,103,9,-9999,-9999,010040-99999
1986,1,28,6,-9999,-9999,10014,320,10,9,-9999,-9999,010040-99999
1986,1,28,12,-8,-50,10010,140,77,8,-9999,-9999,010040-99999
1986,1,28,18,-7,-36,9979,140,62,9,-9999,-9999,010040-99999
1986,1,29,6,-10,-36,10010,150,77,8,-9999,-9999,010040-99999
1986,1,29,18,-121,-167,10235,270,57,8,-9999,-9999,010040-99999
1986,1,30,6,-160,-187,10233,140,10,8,-9999,-9999,010040-99999
1986,1,30,12,-122,-140,10173,330,15,8,-9999,-9999,010040-99999
1986,1,30,18,-164,-175,10159,140,21,2,-9999,-9999,010040-99999
1986,1,31,6,-82,-102,10086,120,82,8,-9999,-9999,010040-99999
1986,1,31,12,-20,-60,10034,180,51,8,-9999,-9999,010040-99999
1986,1,31,18,-7,-47,10025,150,77,8,-9999,-9999,010040-99999
1986,2,1,6,-136,-167,10124,300,93,3,-9999,-9999,010040-99999
1986,2,1,18,-100,-155,10208,260,41,8,-9999,-9999,010040-99999
1986,2,2,6,-56,-102,10133,180,72,8,-9999,0,010040-99999
1986,2,2,12,-13,-159,10079,180,103,8,-9999,-9999,010040-99999
1986,2,3,6,-5,-25,9929,180,118,8,-9999,-9999,010040-99999
1986,2,3,12,-85,-127,9953,340,72,8,-9999,-9999,010040-99999
1986,2,3,18,-132,-148,10075,310,82,8,-9999,-9999,010040-99999
1986,2,4,6,-121,-129,10311,300,72,8,-9999,-9999,010040-99999
1986,2,4,12,-120,-132,10338,150,31,8,-9999,-9999,010040-99999
1986,2,4,18,-88,-100,10290,150,41,8,-9999,-9999,010040-99999
1986,2,5,6,-63,-63,10019,280,103,9,-9999,-9999,010040-99999
1986,2,5,12,-76,-77,9993,150,21,9,-9999,-9999,010040-99999
1986,2,5,18,-54,-56,10037,310,77,8,-9999,-9999,010040-99999
1986,2,6,6,-193,-216,10235,310,51,0,-9999,-9999,010040-99999
1986,2,6,18,-282,-311,10268,-9999,-9999,0,-9999,0,010040-99999
1986,2,7,6,-260,-294,10263,320,77,0,-9999,-9999,010040-99999
1986,2,7,18,-314,-339,10319,-9999,-9999,0,-9999,0,010040-99999
1986,2,8,6,-294,-314,10294,-9999,-9999,0,-9999,0,010040-99999
1986,2,8,12,-280,-304,10261,-9999,-9999,0,-9999,-9999,010040-99999
1986,2,8,18,-290,-315,10250,-9999,-9999,0,-9999,0,010040-99999
1986,2,9,18,-270,-304,10170,-9999,-9999,0,-9999,0,010040-99999
1986,2,10,6,-283,-312,-9999,-9999,-9999,0,-9999,0,010040-99999
1986,2,10,12,-270,-308,10152,130,21,0,-9999,-9999,010040-99999
1986,2,10,18,-295,-321,10151,-9999,-9999,0,-9999,0,010040-99999
1986,2,11,6,-314,-343,10202,-9999,-9999,0,-9999,0,010040-99999
1986,2,11,12,-305,-331,10231,-9999,-9999,0,-9999,-9999,010040-99999
1986,2,12,6,-293,-322,10234,130,10,2,-9999,0,010040-99999
1986,2,12,12,-265,-299,10242,140,26,1,-9999,-9999,010040-99999
1986,2,12,18,-130,-153,10230,130,72,8,-9999,-9999,010040-99999
1986,2,13,6,-5,-39,10105,180,31,8,-9999,-9999,010040-99999
1986,2,13,12,13,3,10033,180,93,8,-9999,-9999,010040-99999
1986,2,13,18,5,-2,10002,210,77,9,-9999,-9999,010040-99999
1986,2,14,6,-150,-176,10055,320,82,6,-9999,-9999,010040-99999
1986,2,14,12,-183,-227,10096,300,51,6,-9999,-9999,010040-99999
1986,2,14,18,-174,-218,10114,300,77,6,-9999,-9999,010040-99999
1986,2,15,6,-195,-231,10139,300,41,6,-9999,-9999,010040-99999
1986,2,15,12,-220,-255,10190,270,26,2,-9999,-9999,010040-99999
1986,2,15,18,-272,-299,10248,140,10,0,-9999,-9999,010040-99999
1986,2,16,6,-301,-337,10291,120,10,1,-9999,0,010040-99999
1986,2,16,12,-271,-320,10317,100,5,1,-9999,-9999,010040-99999
1986,2,16,18,-320,-355,10328,140,5,1,-9999,0,010040-99999
1986,2,17,6,-312,-350,10343,140,10,0,-9999,0,010040-99999
1986,2,17,12,-291,-327,10343,130,10,1,-9999,-9999,010040-99999
1986,2,17,18,-266,-300,10315,130,10,2,-9999,0,010040-99999
1986,2,18,6,-206,-237,10230,150,10,8,-9999,-9999,010040-99999
1986,2,18,12,-191,-213,10191,320,10,8,-9999,-9999,010040-99999
1986,2,18,18,-220,-243,10157,0,0,8,-9999,-9999,010040-99999
1986,2,19,6,-175,-217,10170,110,82,2,-9999,-9999,010040-99999
1986,2,19,12,-197,-242,10204,100,51,0,-9999,-9999,010040-99999
1986,2,20,18,-218,-249,10183,0,0,8,-9999,-9999,010040-99999
1986,2,21,6,-188,-207,10133,330,108,8,-9999,-9999,010040-99999
1986,2,21,18,-274,-306,10150,130,10,1,-9999,-9999,010040-99999
1986,2,22,6,-222,-249,10161,290,15,8,-9999,-9999,010040-99999
1986,2,22,12,-268,-291,10176,140,10,0,-9999,-9999,010040-99999
1986,2,22,18,-253,-277,10217,280,10,8,-9999,0,010040-99999
1986,2,23,6,-209,-240,10224,150,26,8,-9999,0,010040-99999
1986,2,23,12,-208,-231,10221,0,0,8,-9999,-9999,010040-99999
1986,2,23,18,-224,-251,10215,0,0,2,-9999,-9999,010040-99999
1986,2,24,6,-233,-256,10221,140,10,1,-9999,0,010040-99999
1986,2,25,6,-271,-294,10178,0,0,1,-9999,0,010040-99999
1986,2,25,12,-276,-300,10185,0,0,0,-9999,-9999,010040-99999
1986,2,25,18,-230,-263,10202,0,0,8,-9999,0,010040-99999
1986,2,26,6,-279,-308,10220,0,0,1,-9999,0,010040-99999
1986,2,26,12,-301,-328,10218,140,10,1,-9999,-9999,010040-99999
1986,2,26,18,-236,-260,10168,140,41,8,-9999,0,010040-99999
1986,2,27,6,-160,-179,10074,320,77,7,-9999,-9999,010040-99999
1986,2,27,12,-176,-187,10093,320,10,8,-9999,-9999,010040-99999
1986,2,27,18,-179,-203,9995,140,26,8,-9999,0,010040-99999
1986,2,28,6,-216,-239,9990,310,103,9,-9999,-9999,010040-99999
1986,2,28,12,-242,-275,10141,130,46,8,-9999,-9999,010040-99999
1986,2,28,18,-273,-310,10075,330,46,8,-9999,0,010040-99999
1986,3,1,6,-357,-395,10124,270,21,1,-9999,0,010040-99999
1986,3,1,12,-371,-403,10132,0,0,1,-9999,-9999,010040-99999
1986,3,1,18,-361,-396,10124,180,5,2,-9999,0,010040-99999
1986,3,2,6,-343,-372,10075,280,10,5,-9999,0,010040-99999
1986,3,2,12,-302,-338,10064,300,51,6,-9999,-9999,010040-99999
1986,3,2,18,-355,-392,10073,300,51,1,-9999,-9999,010040-99999
1986,3,3,6,-421,-458,10043,0,0,1,-9999,0,010040-99999
1986,3,3,12,-407,-445,10018,150,15,0,-9999,-9999,010040-99999
1986,3,3,18,-409,-438,9993,130,5,1,-9999,0,010040-99999
1986,3,4,6,-365,-399,9969,140,15,7,-9999,0,010040-99999
1986,3,4,12,-303,-345,9966,170,41,7,-9999,-9999,010040-99999
1986,3,4,18,-225,-260,9923,150,41,8,-9999,-9999,010040-99999
1986,3,5,12,-109,-193,9849,150,10,8,-9999,-9999,010040-99999
1986,3,5,18,-139,-156,9884,150,15,8,-9999,-9999,010040-99999
1986,3,6,6,-71,-82,9879,150,51,8,-9999,-9999,010040-99999
1986,3,6,12,-58,-95,9885,140,36,8,-9999,-9999,010040-99999
1986,3,6,18,-114,-151,9881,120,87,8,-9999,-9999,010040-99999
1986,3,7,6,-73,-108,9801,130,103,8,-9999,0,010040-99999
1986,3,7,12,-58,-61,9769,270,21,9,-9999,-9999,010040-99999
1986,3,7,18,-83,-102,9811,250,123,4,-9999,-9999,010040-99999
1986,3,8,6,-270,-297,9995,280,41,1,-9999,-9999,010040-99999
1986,3,8,12,-308,-335,-9999,160,26,1,-9999,-9999,010040-99999
1986,3,8,18,-247,-276,10045,150,31,8,-9999,-9999,010040-99999
1986,3,9,6,-116,-159,10057,290,67,7,-9999,-9999,010040-99999
1986,3,9,12,-185,-216,10094,150,26,3,-9999,-9999,010040-99999
1986,3,9,18,-240,-263,10094,140,21,1,-9999,0,010040-99999
1986,3,10,6,-40,-89,10018,150,51,8,-9999,-9999,010040-99999
1986,3,10,12,-11,-48,10002,260,103,8,-9999,-9999,010040-99999
1986,3,10,18,-9999,-9999,9015,180,103,8,-9999,-9999,010040-99999
1986,3,11,12,-9999,-9999,9855,180,154,8,-9999,-9999,010040-99999
1986,3,12,6,-158,-170,9836,320,62,8,-9999,-9999,010040-99999
1986,3,12,12,-223,-248,9979,320,103,3,-9999,-9999,010040-99999
1986,3,12,18,-252,-279,10097,340,26,3,-9999,-9999,010040-99999
1986,3,13,6,-205,-230,10158,140,31,8,-9999,-9999,010040-99999
1986,3,13,12,-96,-116,10141,150,21,8,-9999,-9999,010040-99999
1986,3,13,18,-60,-66,10008,120,180,9,-9999,-9999,010040-99999
1986,3,14,6,16,-27,9933,180,72,8,-9999,-9999,010040-99999
1986,3,14,12,-15,-37,9961,270,72,7,-9999,-9999,010040-99999
1986,3,14,18,-62,-88,10000,180,5,8,-9999,-9999,010040-99999
1986,3,15,6,14,-27,9922,130,103,8,-9999,-9999,010040-99999
1986,3,15,12,8,-50,9902,270,41,9,-9999,-9999,010040-99999
1986,3,15,18,-38,-119,9957,270,72,6,-9999,-9999,010040-99999
1986,3,16,6,-41,-100,9857,120,26,8,-9999,-9999,010040-99999
1986,3,16,12,-23,-69,9831,150,36,8,-9999,-9999,010040-99999
1986,3,16,18,-41,-82,9932,270,93,8,-9999,-9999,010040-99999
1986,3,17,6,-91,-103,9980,110,26,8,-9999,-9999,010040-99999
1986,3,17,12,-152,-178,10059,110,5,1,-9999,-9999,010040-99999
1986,3,17,18,-82,-130,10010,280,31,7,-9999,0,010040-99999
1986,3,18,6,-14,-49,9928,130,67,7,-9999,-9999,010040-99999
1986,3,18,12,-36,-63,9983,270,67,8,-9999,-9999,010040-99999
1986,3,18,18,-55,-102,10020,270,51,8,-9999,-9999,010040-99999
1986,3,19,12,-53,-87,9987,100,51,8,-9999,-9999,010040-99999
1986,3,19,18,-18,-56,9977,300,21,8,-9999,-9999,010040-99999
1986,3,20,6,-18,-38,9912,110,51,7,-9999,-9999,010040-99999
1986,3,20,12,-8,-45,9835,130,129,6,-9999,-9999,010040-99999
1986,3,20,18,-15,-59,9902,260,108,8,-9999,-9999,010040-99999
1986,3,21,6,-92,-108,10007,140,21,7,-9999,-9999,010040-99999
1986,3,21,12,-120,-163,10015,130,46,1,-9999,-9999,010040-99999
1986,3,21,18,-118,-164,9955,150,15,8,-9999,0,010040-99999
1986,3,22,6,-35,-75,9786,100,93,8,-9999,0,010040-99999
1986,3,22,12,-17,-75,9738,270,41,3,-9999,-9999,010040-99999
1986,3,23,6,-63,-71,9754,320,62,8,-9999,0,010040-99999
1986,3,23,12,-95,-102,9780,300,93,8,-9999,-9999,010040-99999
1986,3,23,18,-121,-136,9804,330,77,7,-9999,-9999,010040-99999
1986,3,24,18,-226,-249,9936,-9999,-9999,0,-9999,0,010040-99999
1986,3,25,6,-255,-273,9953,160,10,0,-9999,0,010040-99999
1986,3,25,12,-204,-237,9954,140,10,3,-9999,-9999,010040-99999
1986,3,25,18,-223,-242,9960,130,10,2,-9999,0,010040-99999
1986,3,26,6,-209,-223,9972,-9999,-9999,1,-9999,0,010040-99999
1986,3,26,12,-178,-204,9980,-9999,-9999,1,-9999,-9999,010040-99999
1986,3,26,18,-188,-212,9981,0,0,4,-9999,0,010040-99999
1986,3,27,6,-204,-221,9946,130,21,2,-9999,0,010040-99999
1986,3,27,12,-129,-144,9930,130,10,6,-9999,-9999,010040-99999
1986,3,27,18,-124,-144,9928,260,10,7,-9999,0,010040-99999
1986,3,28,6,-113,-124,9928,140,10,3,-9999,0,010040-99999
1986,3,28,12,-101,-120,9932,140,10,7,-9999,-9999,010040-99999
1986,3,28,18,-67,-92,9936,170,15,9,-9999,0,010040-99999
1986,3,29,6,-110,-154,9994,120,21,1,-9999,0,010040-99999
1986,3,29,12,-125,-166,10028,130,10,0,-9999,-9999,010040-99999
1986,3,30,6,-168,-223,-9999,140,77,0,-9999,0,010040-99999
1986,3,30,12,-152,-224,-9999,140,10,0,-9999,-9999,010040-99999
1986,3,30,18,-195,-265,-9999,130,10,0,-9999,0,010040-99999
1986,3,31,6,-159,-179,-9999,110,10,5,-9999,-9999,010040-99999
1986,3,31,12,-105,-175,10169,170,10,1,-9999,-9999,010040-99999
1986,3,31,18,-156,-199,10176,140,21,0,-9999,0,010040-99999
1986,4,1,6,-145,-187,-9999,150,21,0,-9999,0,010040-99999
1986,4,1,12,-111,-179,10219,-9999,-9999,1,-9999,-9999,010040-99999
1986,4,1,18,-86,-125,10230,130,41,8,-9999,-9999,010040-99999
1986,4,2,6,-106,-131,10235,120,10,5,-9999,-9999,010040-99999
1986,4,2,12,-79,-118,10240,130,21,6,-9999,-9999,010040-99999
1986,4,2,18,-67,-86,10238,150,26,7,-9999,-9999,010040-99999
1986,4,3,6,-80,-105,10225,270,5,7,-9999,-9999,010040-99999
1986,4,3,18,-94,-140,10212,140,36,4,-9999,-9999,010040-99999
1986,4,4,6,-80,-96,10151,130,67,9,-9999,-9999,010040-99999
1986,4,4,12,-61,-70,10122,130,51,9,-9999,-9999,010040-99999
1986,4,4,18,-115,-139,10138,320,10,5,-9999,-9999,010040-99999
1986,4,5,6,-42,-49,10039,140,41,9,-9999,-9999,010040-99999
1986,4,5,12,-28,-39,9998,130,98,9,-9999,-9999,010040-99999
1986,4,5,18,-14,-16,10000,240,41,8,-9999,-9999,010040-99999
1986,4,6,12,-52,-76,9924,330,10,8,-9999,-9999,010040-99999
1986,4,6,18,-33,-44,9848,270,46,9,-9999,-9999,010040-99999
1986,4,7,6,-200,-245,10041,340,98,1,-9999,-9999,010040-99999
1986,4,7,12,-201,-250,10140,300,41,2,-9999,-9999,010040-99999
1986,4,7,18,-251,-9999,10174,300,21,0,-9999,0,010040-99999
1986,4,8,6,-241,-332,10238,360,67,1,-9999,0,010040-99999
1986,4,8,18,-235,-281,10221,250,103,8,-9999,-9999,010040-99999
1986,4,9,6,-259,-290,10209,320,77,8,-9999,-9999,010040-99999
1986,4,9,18,-238,-271,10248,150,15,2,-9999,-9999,010040-99999
1986,4,10,6,-242,-267,10222,170,10,2,-9999,0,010040-99999
1986,4,10,12,-224,-250,10211,270,15,0,-9999,-9999,010040-99999
1986,4,10,18,-231,-269,10188,150,21,8,-9999,0,010040-99999
1986,4,11,6,-198,-250,10168,150,15,3,-9999,0,010040-99999
1986,4,11,18,-180,-242,10217,110,10,4,-9999,0,010040-99999
1986,4,12,6,-224,-286,10202,130,15,0,-9999,0,010040-99999
1986,4,12,18,-155,-209,10141,170,10,8,-9999,0,010040-99999
1986,4,13,6,-117,-195,10153,140,51,1,-9999,-9999,010040-99999
1986,4,13,12,-112,-196,10190,130,5,0,-9999,-9999,010040-99999
1986,4,13,18,-150,-228,10221,280,26,0,-9999,0,010040-99999
1986,4,14,6,-208,-265,10268,280,21,0,-9999,0,010040-99999
1986,4,14,12,-157,-232,10280,0,0,0,-9999,-9999,010040-99999
1986,4,14,18,-197,-264,10270,0,0,0,-9999,0,010040-99999
1986,4,15,6,-192,-257,10256,160,10,0,-9999,0,010040-99999
1986,4,15,12,-9999,-9999,10258,110,5,0,-9999,-9999,010040-99999
1986,4,15,18,-183,-239,10258,140,10,0,-9999,0,010040-99999
1986,4,16,6,-218,-245,10254,150,10,0,-9999,0,010040-99999
1986,4,16,12,-169,-203,10254,0,0,1,-9999,-9999,010040-99999
1986,4,16,18,-175,-214,10245,140,10,2,-9999,0,010040-99999
1986,4,17,12,-150,-197,10223,-9999,-9999,0,-9999,-9999,010040-99999
1986,4,17,18,-181,-225,10223,-9999,-9999,0,-9999,0,010040-99999
1986,4,18,6,-203,-229,10190,130,21,0,-9999,0,010040-99999
1986,4,18,12,-146,-204,10186,0,0,1,-9999,0,010040-99999
1986,4,18,18,-164,-215,10182,0,0,0,-9999,0,010040-99999
1986,4,19,6,-188,-214,10163,150,21,0,-9999,0,010040-99999
1986,4,19,12,-132,-184,10151,160,10,3,-9999,0,010040-99999
1986,4,19,18,-74,-101,10094,120,113,8,-9999,-9999,010040-99999
1986,4,20,6,-82,-91,10103,100,10,7,-9999,-9999,010040-99999
1986,4,20,18,-65,-87,10137,130,62,7,-9999,-9999,010040-99999
1986,4,21,6,-84,-113,10175,150,10,9,-9999,-9999,010040-99999
1986,4,21,12,-77,-85,10164,140,21,9,-9999,-9999,010040-99999
1986,4,21,18,-94,-110,10164,320,41,7,-9999,-9999,010040-99999
1986,4,22,6,-121,-138,10114,150,10,8,-9999,-9999,010040-99999
1986,4,22,12,-42,-43,10044,110,51,8,-9999,-9999,010040-99999
1986,4,22,18,-61,-86,10037,300,41,5,-9999,0,010040-99999
1986,4,23,12,-127,-173,10094,300,41,3,-9999,-9999,010040-99999
1986,4,23,18,-138,-211,10108,0,0,1,-9999,0,010040-99999
1986,4,24,6,-149,-205,10129,160,5,7,-9999,0,010040-99999
1986,4,24,12,-134,-178,10133,0,0,7,-9999,-9999,010040-99999
1986,4,24,18,-134,-178,10119,0,0,6,-9999,0,010040-99999
1986,4,25,6,-131,-185,10082,130,10,1,-9999,0,010040-99999
1986,4,25,12,-109,-172,10110,270,10,0,-9999,-9999,010040-99999
1986,4,25,18,-143,-204,10153,0,0,1,-9999,0,010040-99999
1986,4,26,6,-213,-256,10269,140,15,0,-9999,0,010040-99999
1986,4,26,12,-153,-216,10301,270,10,1,-9999,-9999,010040-99999
1986,4,26,18,-180,-227,10318,90,10,1,-9999,0,010040-99999
1986,4,27,6,-200,-244,10319,0,0,0,-9999,0,010040-99999
1986,4,27,12,-151,-200,10310,130,10,1,-9999,-9999,010040-99999
1986,4,27,18,-159,-205,10292,140,10,1,-9999,0,010040-99999
1986,4,28,6,-143,-181,10283,130,10,2,-9999,-9999,010040-99999
1986,4,28,12,-108,-163,10290,0,0,0,-9999,-9999,010040-99999
1986,4,28,18,-140,-187,10298,100,5,0,-9999,0,010040-99999
1986,4,29,6,-176,-232,10305,140,5,0,-9999,0,010040-99999
1986,4,29,12,-116,-185,10301,0,0,1,-9999,-9999,010040-99999
1986,4,29,18,-137,-198,10293,140,15,0,-9999,0,010040-99999
1986,4,30,6,-159,-207,10275,150,10,0,-9999,0,010040-99999
1986,4,30,12,-118,-178,10283,0,0,0,-9999,-9999,010040-99999
1986,4,30,18,-114,-185,10276,0,0,2,-9999,0,010040-99999
1986,5,1,0,-9999,-9999,-9999,130,62,6,-9999,0,010040-99999
1986,5,1,6,-139,-192,10311,270,10,0,-9999,0,010040-99999
1986,5,1,12,-112,-166,10318,140,10,0,-9999,-9999,010040-99999
1986,5,1,18,-104,-155,10310,140,10,6,-9999,0,010040-99999
1986,5,2,6,-114,-173,10291,0,0,1,-9999,0,010040-99999
1986,5,2,12,-80,-135,10288,0,0,0,-9999,-9999,010040-99999
1986,5,2,18,-83,-157,10275,0,0,0,-9999,0,010040-99999
1986,5,3,6,-117,-187,10268,0,0,0,-9999,0,010040-99999
1986,5,3,12,-70,-141,10264,0,0,0,-9999,-9999,010040-99999
1986,5,3,18,-67,-165,10237,190,15,0,-9999,0,010040-99999
1986,5,4,6,-55,-110,10197,110,123,2,-9999,0,010040-99999
1986,5,4,12,-42,-99,10188,120,154,8,-9999,-9999,010040-99999
1986,5,4,18,-41,-80,10180,110,72,8,-9999,-9999,010040-99999
1986,5,5,6,-46,-109,10159,120,26,2,-9999,0,010040-99999
1986,5,5,12,-18,-102,10155,150,31,4,-9999,-9999,010040-99999
1986,5,6,6,-88,-134,10202,140,10,6,-9999,0,010040-99999
1986,5,6,12,-21,-86,10222,0,0,1,-9999,-9999,010040-99999
1986,5,6,18,-37,-96,10254,150,41,1,-9999,0,010040-99999
1986,5,7,6,-62,-124,10328,280,15,0,-9999,0,010040-99999
1986,5,7,18,-40,-116,10363,270,15,0,-9999,0,010040-99999
1986,5,8,6,-104,-154,10368,0,0,2,-9999,0,010040-99999
1986,5,8,12,-35,-99,10363,0,0,1,-9999,-9999,010040-99999
1986,5,8,18,-59,-119,10353,0,0,2,-9999,0,010040-99999
1986,5,9,6,-76,-106,10313,140,10,5,-9999,0,010040-99999
1986,5,9,12,-45,-49,10282,0,0,7,-9999,-9999,010040-99999
1986,5,9,18,-48,-89,10259,0,0,2,-9999,0,010040-99999
1986,5,10,6,-94,-138,10208,180,10,1,-9999,0,010040-99999
1986,5,10,18,-26,-81,10120,120,87,8,-9999,0,010040-99999
1986,5,11,6,-16,-46,10055,320,21,8,-9999,0,010040-99999
1986,5,11,12,-9999,-9999,10068,290,21,8,-9999,-9999,010040-99999
1986,5,11,18,40,26,10072,320,10,8,-9999,0,010040-99999
1986,5,12,6,8,-28,10092,150,21,8,-9999,0,010040-99999
1986,5,12,12,10,-28,10081,110,21,3,-9999,-9999,010040-99999
1986,5,12,18,25,-25,10068,330,15,8,-9999,0,010040-99999
1986,5,13,6,33,4,10039,130,82,8,-9999,-9999,010040-99999
1986,5,13,12,40,-9,10033,140,67,8,-9999,-9999,010040-99999
1986,5,13,18,26,-46,10027,270,62,8,-9999,0,010040-99999
1986,5,14,6,25,16,10037,180,26,5,-9999,-9999,010040-99999
1986,5,14,12,3,-26,-9999,330,26,8,-9999,-9999,010040-99999
1986,5,14,18,-8,-15,10046,330,26,8,-9999,-9999,010040-99999
1986,5,15,6,-1,-23,10035,0,0,7,-9999,0,010040-99999
1986,5,15,12,16,-6,10026,330,5,7,-9999,-9999,010040-99999
1986,5,15,18,-4,-45,10022,0,0,4,-9999,0,010040-99999
1986,5,16,12,-9,-16,10049,330,26,8,-9999,-9999,010040-99999
1986,5,16,18,-19,-28,10061,320,57,8,-9999,0,010040-99999
1986,5,17,6,-24,-40,10084,330,62,8,-9999,0,010040-99999
1986,5,17,12,-13,-39,10099,330,46,8,-9999,-9999,010040-99999
1986,5,18,6,-39,-56,10146,330,46,8,-9999,0,010040-99999
1986,5,18,12,-43,-60,10160,330,51,8,-9999,-9999,010040-99999
1986,5,18,15,-9999,-9999,10103,290,51,0,-9999,-9999,010040-99999
1986,5,18,18,-39,-80,10160,330,31,7,-9999,0,010040-99999
1986,5,19,6,-31,-73,10133,0,0,3,-9999,0,010040-99999
1986,5,19,18,0,-53,10082,190,26,8,-9999,0,010040-99999
1986,5,20,6,-11,-41,10073,270,51,8,-9999,-9999,010040-99999
1986,5,20,12,-1,-47,10105,90,21,7,-9999,-9999,010040-99999
1986,5,20,18,1,-49,10120,170,10,7,-9999,0,010040-99999
1986,5,21,6,3,-38,10125,130,51,8,-9999,0,010040-99999
1986,5,21,18,1,-45,10135,150,31,8,-9999,-9999,010040-99999
1986,5,22,6,-9999,-9999,10138,150,15,7,-9999,-9999,010040-99999
1986,5,22,18,-3,-33,10144,330,31,8,-9999,-9999,010040-99999
1986,5,23,6,-4,-83,10137,120,62,1,-9999,-9999,010040-99999
1986,5,23,12,-3,-71,10142,140,62,1,-9999,-9999,010040-99999
1986,5,24,6,-23,-88,10164,0,0,1,-9999,-9999,010040-99999
1986,5,24,12,7,-70,10178,360,10,0,-9999,-9999,010040-99999
1986,5,24,18,-10,-82,10187,0,0,1,-9999,-9999,010040-99999
1986,5,25,6,-13,-75,10199,0,0,1,-9999,-9999,010040-99999
1986,5,25,18,14,-44,10197,0,0,0,-9999,-9999,010040-99999
1986,5,26,6,-28,-62,10180,130,10,7,-9999,-9999,010040-99999
1986,5,26,12,9,-41,10126,0,0,0,-9999,-9999,010040-99999
1986,5,27,6,-21,-45,10140,160,31,8,-9999,-9999,010040-99999
1986,5,27,12,-13,-48,10159,100,26,8,-9999,-9999,010040-99999
1986,5,27,18,6,-73,10168,0,0,7,-9999,-9999,010040-99999
1986,5,28,6,-12,-45,10161,0,0,8,-9999,-9999,010040-99999
1986,5,28,12,16,-71,10168,0,0,8,-9999,-9999,010040-99999
1986,5,28,18,3,-49,10173,50,5,8,-9999,-9999,010040-99999
1986,5,29,6,-7,-41,10166,330,5,8,-9999,-9999,010040-99999
1986,5,29,12,1,-44,10172,-9999,26,2,-9999,-9999,010040-99999
1986,5,29,18,5,-51,10172,320,15,6,-9999,-9999,010040-99999
1986,5,30,6,-14,-41,10160,150,15,7,-9999,-9999,010040-99999
1986,5,30,12,9,-49,10153,320,10,8,-9999,-9999,010040-99999
1986,5,30,18,16,-27,10147,0,0,8,-9999,-9999,010040-99999
1986,5,31,6,4,-55,10125,140,31,8,-9999,-9999,010040-99999
1986,5,31,12,13,-42,10111,130,46,1,-9999,-9999,010040-99999
1986,5,31,18,11,-31,10103,120,67,7,-9999,-9999,010040-99999
1986,6,1,12,39,-13,10099,300,15,7,-9999,-9999,010040-99999
1986,6,1,18,23,-10,-9999,290,15,7,-9999,-9999,010040-99999
1986,6,2,6,27,-27,10123,290,41,7,-9999,-9999,010040-99999
1986,6,2,12,28,-8,10126,280,10,8,-9999,-9999,010040-99999
1986,6,2,18,19,-19,10102,100,98,7,-9999,-9999,010040-99999
1986,6,3,6,18,-33,10021,130,185,8,-9999,-9999,010040-99999
1986,6,3,12,22,-16,10017,110,123,8,-9999,-9999,010040-99999
1986,6,3,18,29,7,10029,140,10,8,-9999,-9999,010040-99999
1986,6,4,6,39,21,10024,280,15,8,-9999,-9999,010040-99999
1986,6,4,12,56,0,10045,160,51,6,-9999,-9999,010040-99999
1986,6,4,18,67,8,10073,280,5,4,-9999,-9999,010040-99999
1986,6,5,6,21,5,10084,0,0,8,-9999,-9999,010040-99999
1986,6,5,12,24,17,10103,180,10,8,-9999,-9999,010040-99999
1986,6,5,18,43,5,10109,0,0,8,-9999,0,010040-99999
1986,6,6,12,13,7,10136,320,26,9,-9999,-9999,010040-99999
1986,6,6,18,10,0,10148,340,10,9,-9999,0,010040-99999
1986,6,7,6,0,-29,10157,0,0,1,-9999,0,010040-99999
1986,6,7,12,22,-12,10153,0,0,0,-9999,-9999,010040-99999
1986,6,8,6,0,-24,10191,320,26,1,-9999,0,010040-99999
1986,6,8,12,17,-23,10213,90,10,7,-9999,-9999,010040-99999
1986,6,8,18,-21,-29,10210,160,10,3,-9999,0,010040-99999
1986,6,9,6,13,-13,10192,0,0,7,-9999,0,010040-99999
1986,6,9,12,32,-8,10196,130,10,3,-9999,-9999,010040-99999
1986,6,9,18,39,-5,10183,280,10,1,-9999,0,010040-99999
1986,6,10,6,14,-22,10157,120,5,0,-9999,0,010040-99999
1986,6,10,12,48,-6,10158,270,10,0,-9999,-9999,010040-99999
1986,6,10,18,3,2,10147,280,10,9,-9999,0,010040-99999
1986,6,11,6,30,-13,10139,0,0,1,-9999,0,010040-99999
1986,6,11,12,25,9,10149,0,0,8,-9999,-9999,010040-99999
1986,6,12,6,25,-11,10153,330,21,8,-9999,0,010040-99999
1986,6,12,12,30,-1,10144,300,15,8,-9999,-9999,010040-99999
1986,6,12,18,24,12,10138,270,10,8,-9999,0,010040-99999
1986,6,13,6,34,-2,10111,280,10,8,-9999,0,010040-99999
1986,6,13,12,37,6,10130,90,10,8,-9999,-9999,010040-99999
1986,6,13,18,30,17,10116,0,0,8,-9999,0,010040-99999
1986,6,14,6,21,8,10100,150,21,8,-9999,0,010040-99999
1986,6,14,12,20,-4,10089,130,10,8,-9999,-9999,010040-99999
1986,6,14,18,33,-4,10149,130,72,8,-9999,0,010040-99999
1986,6,15,6,31,18,10015,0,0,8,-9999,-9999,010040-99999
1986,6,15,12,36,18,10007,0,0,8,-9999,-9999,010040-99999
1986,6,15,18,31,19,9997,0,0,8,-9999,-9999,010040-99999
1986,6,16,6,31,21,10021,0,0,8,-9999,-9999,010040-99999
1986,6,16,12,21,-8,10052,330,36,8,-9999,-9999,010040-99999
1986,6,16,18,20,-5,10061,330,31,8,-9999,0,010040-99999
1986,6,17,6,14,-8,10168,330,21,8,-9999,0,010040-99999
1986,6,17,18,12,-1,10076,140,10,8,-9999,0,010040-99999
1986,6,18,6,20,-11,10093,90,10,8,-9999,-9999,010040-99999
1986,6,18,12,30,-27,10091,140,36,8,-9999,-9999,010040-99999
1986,6,18,18,30,-10,10077,0,0,8,-9999,0,010040-99999
1986,6,19,6,16,2,10049,150,10,8,-9999,0,010040-99999
1986,6,19,12,30,10,10057,-9999,5,7,-9999,-9999,010040-99999
1986,6,19,18,29,-11,10057,340,46,2,-9999,0,010040-99999
1986,6,20,6,4,-12,10095,340,41,7,-9999,0,010040-99999
1986,6,20,12,15,-23,10107,350,15,7,-9999,-9999,010040-99999
1986,6,20,18,16,-31,10103,350,10,7,-9999,0,010040-99999
1986,6,21,6,8,-24,10118,120,10,2,-9999,0,010040-99999
1986,6,21,12,20,-22,10139,350,21,0,-9999,-9999,010040-99999
1986,6,21,18,29,-17,10152,310,21,0,-9999,0,010040-99999
1986,6,22,6,22,-16,10147,170,21,4,-9999,0,010040-99999
1986,6,22,12,31,-17,10128,90,21,5,-9999,-9999,010040-99999
1986,6,22,18,32,-18,10110,120,10,2,-9999,0,010040-99999
1986,6,23,6,27,-1,10057,0,0,7,-9999,0,010040-99999
1986,6,23,12,33,-4,10031,270,62,7,-9999,-9999,010040-99999
1986,6,23,18,22,-3,9904,80,41,4,-9999,0,010040-99999
1986,6,24,6,24,-13,9974,320,72,7,-9999,0,010040-99999
1986,6,24,18,27,-11,10077,300,62,0,-9999,0,010040-99999
1986,6,25,6,21,-3,10116,0,0,6,-9999,0,010040-99999
1986,6,25,12,29,-9,10128,170,51,4,-9999,0,010040-99999
1986,6,25,18,33,-23,10113,0,0,3,-9999,0,010040-99999
1986,6,26,6,23,-5,10001,120,77,8,-9999,-9999,010040-99999
1986,6,26,12,24,13,9947,320,31,8,-9999,-9999,010040-99999
1986,6,26,18,18,12,9949,310,77,8,-9999,-9999,010040-99999
1986,6,27,6,10,-19,10068,320,82,8,-9999,0,010040-99999
1986,6,27,12,12,-29,10097,320,62,4,-9999,0,010040-99999
1986,6,27,18,23,-33,10083,320,31,2,-9999,0,010040-99999
1986,6,28,1,260,230,-9999,-9999,-9999,-9999,-9999,-9999,010040-99999
1986,6,28,6,17,-33,10086,0,0,4,-9999,0,010040-99999
1986,6,28,12,25,-32,10097,110,21,7,-9999,0,010040-99999
1986,6,28,18,15,-10,10090,280,41,8,-9999,-9999,010040-99999
1986,6,29,12,38,-11,10104,360,15,3,-9999,-9999,010040-99999
1986,6,29,18,32,8,10134,360,36,2,-9999,0,010040-99999
1986,6,30,6,23,-12,10183,350,10,8,-9999,0,010040-99999
1986,6,30,12,27,-12,10195,0,0,8,-9999,0,010040-99999
1986,6,30,18,30,4,10187,360,31,8,-9999,0,010040-99999
1986,7,1,6,24,3,10158,0,0,8,-9999,0,010040-99999
1986,7,1,18,54,8,10159,360,15,1,-9999,0,010040-99999
1986,7,2,6,47,17,10155,0,0,7,-9999,0,010040-99999
1986,7,2,12,58,31,10169,90,5,7,-9999,-9999,010040-99999
1986,7,2,18,60,31,10168,110,15,7,-9999,0,010040-99999
1986,7,3,6,57,34,10161,340,15,3,-9999,0,010040-99999
1986,7,3,12,60,28,10155,360,26,6,-9999,-9999,010040-99999
1986,7,3,18,60,16,10139,280,15,7,-9999,0,010040-99999
1986,7,4,6,43,4,10126,270,21,7,-9999,0,010040-99999
1986,7,4,18,47,6,10121,0,0,8,-9999,-9999,010040-99999
1986,7,5,6,40,23,10120,360,10,8,-9999,-9999,010040-99999
1986,7,5,12,114,67,-9999,240,10,8,-9999,-9999,010040-99999
1986,7,5,18,48,7,10125,360,15,7,-9999,0,010040-99999
1986,7,6,6,39,-8,10105,340,26,7,-9999,0,010040-99999
1986,7,6,12,45,2,10098,100,10,4,-9999,-9999,010040-99999
1986,7,6,18,60,14,10089,40,10,1,-9999,0,010040-99999
1986,7,7,6,57,-10,10084,120,31,2,-9999,0,010040-99999
1986,7,7,12,64,-12,10083,110,26,3,-9999,-9999,010040-99999
1986,7,7,18,64,9,10083,30,10,7,-9999,0,010040-99999
1986,7,8,6,69,7,10182,360,36,7,-9999,0,010040-99999
1986,7,8,12,79,5,10085,100,10,0,-9999,-9999,010040-99999
1986,7,9,12,86,11,10094,60,5,5,-9999,-9999,010040-99999
1986,7,9,18,76,56,10103,90,21,7,-9999,0,010040-99999
1986,7,10,6,60,43,-9999,330,10,8,-9999,0,010040-99999
1986,7,10,12,61,48,10142,110,5,8,-9999,-9999,010040-99999
1986,7,11,6,55,-2,10122,100,41,7,-9999,0,010040-99999
1986,7,11,18,57,27,10083,300,26,7,-9999,-9999,010040-99999
1986,7,12,6,60,9,10114,110,5,6,-9999,0,010040-99999
1986,7,12,12,56,19,10133,140,5,8,-9999,-9999,010040-99999
1986,7,12,18,53,39,10133,300,5,8,-9999,-9999,010040-99999
1986,7,13,6,51,1,10175,130,26,1,-9999,-9999,010040-99999
1986,7,13,12,60,18,10183,280,57,1,-9999,-9999,010040-99999
1986,7,13,18,-9999,-9999,10179,140,51,8,-9999,0,010040-99999
1986,7,14,6,51,7,10203,120,51,7,-9999,0,010040-99999
1986,7,14,12,61,-9999,10207,120,21,7,-9999,-9999,010040-99999
1986,7,14,18,70,10,10210,120,10,1,-9999,0,010040-99999
1986,7,15,6,55,19,10201,330,5,7,-9999,0,010040-99999
1986,7,15,12,69,25,10177,340,21,6,-9999,-9999,010040-99999
1986,7,15,18,72,28,10164,340,10,6,-9999,0,010040-99999
1986,7,16,6,56,27,10147,0,0,8,-9999,0,010040-99999
1986,7,16,12,65,25,10141,90,21,8,-9999,-9999,010040-99999
1986,7,16,18,73,22,10121,0,0,8,-9999,0,010040-99999
1986,7,17,6,56,38,10095,100,10,8,-9999,-9999,010040-99999
1986,7,17,12,60,47,10099,0,0,8,-9999,-9999,010040-99999
1986,7,17,18,69,20,10123,-9999,-9999,8,-9999,-9999,010040-99999
1986,7,18,6,59,6,10153,110,21,2,-9999,0,010040-99999
1986,7,18,12,73,-5,10138,110,26,3,-9999,-9999,010040-99999
1986,7,18,18,87,28,10103,110,93,7,-9999,0,010040-99999
1986,7,19,6,77,49,10043,130,129,8,-9999,-9999,010040-99999
1986,7,19,12,56,24,10067,120,139,8,-9999,-9999,010040-99999
1986,7,19,18,59,46,10086,200,21,8,-9999,-9999,010040-99999
1986,7,20,6,38,-3,10136,270,62,8,-9999,-9999,010040-99999
1986,7,20,12,49,20,10148,110,26,7,-9999,-9999,010040-99999
1986,7,20,18,65,8,10159,270,51,3,-9999,0,010040-99999
1986,7,21,6,48,-9,10172,0,0,8,-9999,0,010040-99999
1986,7,21,12,55,-7,10175,340,15,7,-9999,-9999,010040-99999
1986,7,21,18,52,7,10171,340,51,7,-9999,0,010040-99999
1986,7,22,6,34,24,10179,100,10,6,-9999,0,010040-99999
1986,7,22,12,53,-2,10179,90,15,1,-9999,-9999,010040-99999
1986,7,22,18,61,10,10174,80,15,2,-9999,0,010040-99999
1986,7,23,6,51,23,10171,0,0,8,-9999,0,010040-99999
1986,7,23,12,56,5,10171,100,15,1,-9999,-9999,010040-99999
1986,7,23,18,75,25,10168,360,26,1,-9999,0,010040-99999
1986,7,24,12,55,29,10168,0,0,7,-9999,-9999,010040-99999
1986,7,24,18,57,23,10165,0,0,3,-9999,0,010040-99999
1986,7,25,6,45,28,10164,110,10,8,-9999,0,010040-99999
1986,7,25,12,57,40,10164,100,10,8,-9999,-9999,010040-99999
1986,7,25,18,59,42,10155,80,10,8,-9999,0,010040-99999
1986,7,26,6,48,22,10120,110,10,7,-9999,0,010040-99999
1986,7,26,12,64,28,10111,100,10,8,-9999,-9999,010040-99999
1986,7,26,18,74,16,10066,100,5,1,-9999,0,010040-99999
1986,7,27,12,56,39,10069,330,57,8,-9999,-9999,010040-99999
1986,7,27,18,39,38,10092,330,46,8,-9999,0,010040-99999
1986,7,28,6,37,36,10104,120,21,8,-9999,-9999,010040-99999
1986,7,28,12,43,36,10110,90,10,8,-9999,-9999,010040-99999
1986,7,28,18,52,35,10104,0,0,8,-9999,-9999,010040-99999
1986,7,29,6,79,27,10075,140,51,8,-9999,-9999,010040-99999
1986,7,29,12,86,54,-9999,340,10,7,-9999,-9999,010040-99999
1986,7,30,6,66,49,10079,170,21,8,-9999,-9999,010040-99999
1986,7,30,12,56,50,10104,130,10,8,-9999,-9999,010040-99999
1986,7,30,18,59,53,10133,-9999,-9999,8,-9999,-9999,010040-99999
1986,7,31,6,62,7,10168,100,26,1,-9999,0,010040-99999
1986,7,31,12,78,5,10165,130,51,8,-9999,-9999,010040-99999
1986,7,31,18,62,18,10147,130,41,8,-9999,-9999,010040-99999
1986,8,1,6,70,40,10071,300,10,8,-9999,-9999,010040-99999
1986,8,1,12,52,49,10072,150,10,8,-9999,-9999,010040-99999
1986,8,1,18,90,8,10081,140,51,8,-9999,0,010040-99999
1986,8,2,6,67,25,10084,360,21,8,-9999,0,010040-99999
1986,8,2,12,76,34,10107,270,51,8,-9999,-9999,010040-99999
1986,8,2,18,59,52,10103,360,10,7,-9999,0,010040-99999
1986,8,3,6,57,35,10059,160,5,8,-9999,-9999,010040-99999
1986,8,3,12,49,43,10055,100,5,8,-9999,-9999,010040-99999
1986,8,3,18,45,44,10023,-9999,-9999,9,-9999,-9999,010040-99999
1986,8,4,6,34,33,10025,130,5,9,-9999,-9999,010040-99999
1986,8,4,12,47,19,10032,90,10,8,-9999,-9999,010040-99999
1986,8,4,18,61,17,10032,100,10,7,-9999,0,010040-99999
1986,8,5,6,39,16,10040,270,26,8,-9999,-9999,010040-99999
1986,8,5,18,51,-9,10049,150,31,7,-9999,-9999,010040-99999
1986,8,6,6,34,-4,10076,70,5,7,-9999,-9999,010040-99999
1986,8,6,12,43,-21,10081,90,5,6,-9999,-9999,010040-99999
1986,8,7,6,35,-6,10104,-9999,-9999,2,-9999,0,010040-99999
1986,8,7,12,53,-16,10115,10,5,2,-9999,-9999,010040-99999
1986,8,7,18,50,1,10129,360,10,5,-9999,0,010040-99999
1986,8,8,6,44,-11,10171,120,26,6,-9999,0,010040-99999
1986,8,8,12,53,-1,10193,120,21,1,-9999,-9999,010040-99999
1986,8,8,18,62,-3,10212,100,5,1,-9999,0,010040-99999
1986,8,9,6,42,7,10213,100,10,4,-9999,0,010040-99999
1986,8,9,18,73,5,10211,270,10,6,-9999,0,010040-99999
1986,8,10,6,70,32,10209,180,5,7,-9999,0,010040-99999
1986,8,10,12,63,41,10217,270,51,8,-9999,0,010040-99999
1986,8,10,18,61,29,10217,270,41,8,-9999,0,010040-99999
1986,8,11,6,41,18,10247,270,31,8,-9999,-9999,010040-99999
1986,8,11,12,41,-3,10260,130,10,8,-9999,-9999,010040-99999
1986,8,11,18,53,-7,10255,110,46,8,-9999,-9999,010040-99999
1986,8,12,6,68,44,10258,140,5,8,-9999,-9999,010040-99999
1986,8,12,12,59,23,10271,140,5,8,-9999,-9999,010040-99999
1986,8,12,18,64,1,10271,0,0,7,-9999,-9999,010040-99999
1986,8,13,6,48,42,10260,90,26,8,-9999,-9999,010040-99999
1986,8,13,12,81,37,10258,240,-9999,8,-9999,-9999,010040-99999
1986,8,13,18,53,50,10246,140,21,8,-9999,-9999,010040-99999
1986,8,14,6,50,36,10225,310,21,8,-9999,-9999,010040-99999
1986,8,14,12,51,14,10223,90,21,8,-9999,-9999,010040-99999
1986,8,14,18,47,42,10215,120,15,8,-9999,-9999,010040-99999
1986,8,15,6,34,-9,10219,330,26,7,-9999,-9999,010040-99999
1986,8,15,12,50,-2,10224,360,15,2,-9999,-9999,010040-99999
1986,8,15,18,43,12,10228,360,15,8,-9999,0,010040-99999
1986,8,16,6,37,20,10234,100,15,6,-9999,0,010040-99999
1986,8,16,12,47,10,10246,100,5,1,-9999,-9999,010040-99999
1986,8,16,18,51,5,10253,120,15,1,-9999,0,010040-99999
1986,8,17,6,37,9,10259,120,15,8,-9999,0,010040-99999
1986,8,17,12,48,2,10261,0,0,8,-9999,-9999,010040-99999
1986,8,17,18,50,18,10260,100,5,7,-9999,0,010040-99999
1986,8,18,18,32,9,10236,120,21,8,-9999,0,010040-99999
1986,8,19,6,25,24,10218,130,21,8,-9999,-9999,010040-99999
1986,8,19,18,32,22,10205,120,10,8,-9999,-9999,010040-99999
1986,8,20,6,26,25,10212,360,10,8,-9999,-9999,010040-99999
1986,8,20,18,26,25,10233,20,5,8,-9999,-9999,010040-99999
1986,8,21,6,22,1,10248,320,41,8,-9999,-9999,010040-99999
1986,8,21,12,37,-1,10245,340,31,3,-9999,-9999,010040-99999
1986,8,22,6,19,-22,10231,130,26,8,-9999,-9999,010040-99999
1986,8,22,12,29,-22,10211,140,51,7,-9999,-9999,010040-99999
1986,8,22,18,43,-18,10202,180,15,8,-9999,0,010040-99999
1986,8,23,6,33,20,10145,110,51,8,-9999,-9999,010040-99999
1986,8,23,12,47,2,10136,270,21,8,-9999,-9999,010040-99999
1986,8,23,18,39,31,10138,330,10,8,-9999,-9999,010040-99999
1986,8,24,6,54,3,10129,170,51,8,-9999,-9999,010040-99999
1986,8,24,12,42,10,10114,120,31,8,-9999,-9999,010040-99999
1986,8,24,18,48,20,10121,270,26,8,-9999,-9999,010040-99999
1986,8,25,6,29,0,10142,120,51,7,-9999,0,010040-99999
1986,8,25,12,38,0,10152,360,21,5,-9999,-9999,010040-99999
1986,8,25,18,39,8,10180,330,31,5,-9999,0,010040-99999
1986,8,26,6,27,-3,10173,130,51,3,-9999,0,010040-99999
1986,8,26,12,36,2,10201,320,51,1,-9999,0,010040-99999
1986,8,26,18,42,-28,10207,320,51,2,-9999,0,010040-99999
1986,8,27,6,34,-4,10197,330,10,5,-9999,0,010040-99999
1986,8,27,12,45,-8,10216,360,10,2,-9999,-9999,010040-99999
1986,8,27,18,36,-1,10220,0,0,7,-9999,0,010040-99999
1986,8,28,6,14,-26,10223,150,10,1,-9999,0,010040-99999
1986,8,28,12,45,-10,10223,120,21,1,-9999,-9999,010040-99999
1986,8,28,18,41,-10,10217,140,36,2,-9999,0,010040-99999
1986,8,29,6,44,-34,10208,280,15,4,-9999,0,010040-99999
1986,8,29,12,44,-13,10203,270,41,6,-9999,-9999,010040-99999
1986,8,29,18,36,-12,10172,170,10,7,-9999,0,010040-99999
1986,8,30,6,18,-9,10116,150,5,7,-9999,0,010040-99999
1986,8,30,18,43,-6,10037,280,15,7,-9999,0,010040-99999
1986,8,31,6,23,-6,9987,280,10,7,-9999,0,010040-99999
1986,8,31,12,39,-3,9974,120,10,2,-9999,-9999,010040-99999
1986,9,1,6,10,-26,9939,140,10,3,-9999,0,010040-99999
1986,9,1,12,23,-8,9939,110,5,8,-9999,-9999,010040-99999
1986,9,1,18,31,-5,9943,0,0,6,-9999,0,010040-99999
1986,9,2,6,27,-13,9956,0,0,5,-9999,0,010040-99999
1986,9,2,12,37,-17,9990,130,21,7,-9999,-9999,010040-99999
1986,9,2,18,35,-5,10016,320,10,2,-9999,0,010040-99999
1986,9,3,6,18,17,10052,0,0,8,-9999,-9999,010040-99999
1986,9,3,12,57,13,10078,130,36,8,-9999,-9999,010040-99999
1986,9,3,18,41,18,10103,120,15,8,-9999,-9999,010040-99999
1986,9,4,6,33,23,10122,310,10,8,-9999,-9999,010040-99999
1986,9,4,12,39,-5,10127,0,0,7,-9999,-9999,010040-99999
1986,9,4,18,31,-7,10122,130,21,6,-9999,-9999,010040-99999
1986,9,5,6,33,-14,10131,0,0,5,-9999,0,010040-99999
1986,9,5,12,32,-8,10162,0,0,8,-9999,-9999,010040-99999
1986,9,5,18,30,8,10133,0,0,8,-9999,0,010040-99999
1986,9,6,6,27,-13,10134,280,15,7,-9999,0,010040-99999
1986,9,6,12,47,-13,10143,0,0,7,-9999,-9999,010040-99999
1986,9,6,18,36,-12,10142,120,41,7,-9999,0,010040-99999
1986,9,7,6,21,-37,10170,0,0,1,-9999,0,010040-99999
1986,9,7,12,27,-24,10182,110,10,1,-9999,-9999,010040-99999
1986,9,7,18,16,-18,10185,0,0,1,-9999,0,010040-99999
1986,9,8,6,2,-46,10191,100,10,1,-9999,0,010040-99999
1986,9,8,12,11,-47,10199,90,10,1,-9999,-9999,010040-99999
1986,9,8,18,8,-47,10192,0,0,0,-9999,0,010040-99999
1986,9,9,6,-8,-46,10194,130,57,8,-9999,0,010040-99999
1986,9,9,18,5,-36,10201,110,10,8,-9999,0,010040-99999
1986,9,10,6,7,-34,10205,150,10,8,-9999,-9999,010040-99999
1986,9,10,12,1,-21,10213,290,15,8,-9999,-9999,010040-99999
1986,9,10,18,-1,-14,10205,150,10,8,-9999,-9999,010040-99999
1986,9,11,6,1,-35,10168,0,0,7,-9999,0,010040-99999
1986,9,11,12,15,-44,10156,140,31,7,-9999,-9999,010040-99999
1986,9,11,18,12,-46,10143,140,31,6,-9999,0,010040-99999
1986,9,12,6,-7,-53,10169,140,41,3,-9999,0,010040-99999
1986,9,12,18,10,-72,10191,130,41,7,-9999,0,010040-99999
1986,9,13,6,-32,-71,10202,280,10,6,-9999,0,010040-99999
1986,9,13,12,-9,-90,10222,150,15,7,-9999,-9999,010040-99999
1986,9,13,18,-3,-69,10225,340,62,5,-9999,-9999,010040-99999
1986,9,14,6,-33,-72,10221,140,62,7,-9999,0,010040-99999
1986,9,14,12,-23,-75,10221,140,10,8,-9999,-9999,010040-99999
1986,9,14,18,-17,-93,10208,-9999,-9999,8,-9999,-9999,010040-99999
1986,9,15,6,-20,-22,10181,300,36,8,-9999,-9999,010040-99999
1986,9,15,12,-12,-47,10178,340,41,7,-9999,-9999,010040-99999
1986,9,15,18,-18,-75,10163,280,21,6,-9999,0,010040-99999
1986,9,16,6,-21,-74,10134,150,15,8,-9999,0,010040-99999
1986,9,16,12,-15,-57,10123,160,10,8,-9999,-9999,010040-99999
1986,9,16,18,-23,-30,10110,140,10,8,-9999,-9999,010040-99999
1986,9,17,6,-25,-86,10085,310,31,8,-9999,-9999,010040-99999
1986,9,17,12,-41,-123,10101,350,57,3,-9999,-9999,010040-99999
1986,9,17,18,-38,-112,10111,30,15,8,-9999,0,010040-99999
1986,9,18,12,-10,-62,10072,310,67,8,-9999,-9999,010040-99999
1986,9,18,18,-2,-48,10059,310,51,8,-9999,-9999,010040-99999
1986,9,19,6,-8,-60,10048,340,26,8,-9999,-9999,010040-99999
1986,9,19,12,1,-56,10047,280,5,8,-9999,-9999,010040-99999
1986,9,19,18,-8,-45,10037,330,21,8,-9999,0,010040-99999
1986,9,20,6,-36,-52,10034,140,5,5,-9999,0,010040-99999
1986,9,20,12,-7,-19,10041,310,57,8,-9999,-9999,010040-99999
1986,9,20,18,-22,-48,10038,310,87,6,-9999,-9999,010040-99999
1986,9,21,6,-75,-144,10052,330,93,3,-9999,0,010040-99999
1986,9,21,12,-77,-155,10046,330,72,8,-9999,-9999,010040-99999
1986,9,22,6,-71,-147,10055,320,51,4,-9999,0,010040-99999
1986,9,22,18,-74,-119,10057,330,98,6,-9999,-9999,010040-99999
1986,9,23,12,-47,-120,10057,330,93,6,-9999,-9999,010040-99999
1986,9,23,18,-62,-125,10071,330,87,4,-9999,0,010040-99999
1986,9,24,12,-56,-138,10122,350,72,2,-9999,-9999,010040-99999
1986,9,24,18,-77,-134,10126,340,67,7,-9999,0,010040-99999
1986,9,25,6,-76,-150,10122,360,36,7,-9999,0,010040-99999
1986,9,25,12,-69,-147,10141,350,36,6,-9999,-9999,010040-99999
1986,9,25,18,-100,-161,10155,0,0,1,-9999,0,010040-99999
1986,9,26,6,-95,-143,10158,270,36,2,-9999,0,010040-99999
1986,9,26,12,-79,-148,10155,340,46,2,-9999,-9999,010040-99999
1986,9,26,18,-79,-125,10140,320,51,7,-9999,0,010040-99999
1986,9,27,6,-136,-163,10124,160,15,0,-9999,-9999,010040-99999
1986,9,27,12,-106,-160,10117,140,10,0,-9999,-9999,010040-99999
1986,9,27,18,-112,-158,10090,280,21,0,-9999,0,010040-99999
1986,9,28,6,-91,-152,10020,120,15,0,-9999,0,010040-99999
1986,9,28,12,-105,-164,10023,280,21,0,-9999,-9999,010040-99999
1986,9,28,18,-118,-165,10021,0,0,0,-9999,0,010040-99999
1986,9,29,6,-133,-169,10054,0,0,0,-9999,0,010040-99999
1986,9,29,12,-108,-173,10080,0,0,2,-9999,-9999,010040-99999
1986,9,29,18,-118,-145,10084,160,10,2,-9999,0,010040-99999
1986,9,30,6,-49,-66,10029,150,31,8,-9999,-9999,010040-99999
1986,9,30,12,-10,-56,10004,0,0,8,-9999,-9999,010040-99999
1986,9,30,18,-24,-57,9967,130,82,8,-9999,-9999,010040-99999
1986,10,1,6,-38,-56,9946,300,87,8,-9999,-9999,010040-99999
1986,10,1,12,-47,-94,9974,320,62,7,-9999,-9999,010040-99999
1986,10,1,18,-77,-151,9998,130,31,4,-9999,-9999,010040-99999
1986,10,2,6,-94,-172,10009,140,103,1,-9999,0,010040-99999
1986,10,2,12,-96,-178,10025,130,82,0,-9999,-9999,010040-99999
1986,10,2,18,-102,-180,10033,140,93,0,-9999,0,010040-99999
1986,10,3,6,-107,-186,10063,130,87,0,-9999,0,010040-99999
1986,10,3,12,-110,-198,10084,160,62,5,-9999,-9999,010040-99999
1986,10,3,18,-107,-182,10100,150,41,6,-9999,0,010040-99999
1986,10,4,6,-91,-160,10103,170,10,7,-9999,0,010040-99999
1986,10,4,12,-69,-143,10111,120,62,6,-9999,-9999,010040-99999
1986,10,4,18,-63,-116,10115,150,62,7,-9999,-9999,010040-99999
1986,10,5,6,-52,-106,-9999,140,67,7,-9999,-9999,010040-99999
1986,10,5,12,-34,-113,10097,280,5,7,-9999,-9999,010040-99999
1986,10,5,18,-45,-72,10092,160,10,8,-9999,-9999,010040-99999
1986,10,6,6,-44,-80,10070,270,10,7,-9999,-9999,010040-99999
1986,10,6,12,-31,-87,10052,130,72,8,-9999,-9999,010040-99999
1986,10,6,18,-45,-92,10007,150,15,8,-9999,-9999,010040-99999
1986,10,7,12,20,-33,9781,120,82,8,-9999,-9999,010040-99999
1986,10,7,18,20,-30,9767,110,62,8,-9999,-9999,010040-99999
1986,10,8,6,2,-50,9838,120,51,8,-9999,0,010040-99999
1986,10,8,12,-4,-57,9915,310,21,7,-9999,-9999,010040-99999
1986,10,8,18,-19,-45,9975,270,21,7,-9999,-9999,010040-99999
1986,10,9,6,-30,-72,10035,110,26,7,-9999,-9999,010040-99999
1986,10,9,12,-20,-60,10060,0,0,7,-9999,-9999,010040-99999
1986,10,9,18,-25,-77,10067,150,31,7,-9999,0,010040-99999
1986,10,10,18,-6,-63,10073,120,108,4,-9999,0,010040-99999
1986,10,11,6,-9999,-9999,10035,120,118,4,-9999,0,010040-99999
1986,10,11,12,18,-49,10013,120,134,7,-9999,-9999,010040-99999
1986,10,11,18,24,-23,9999,130,170,5,-9999,0,010040-99999
1986,10,12,6,32,-23,9903,120,144,8,-9999,-9999,010040-99999
1986,10,12,12,32,-8,9899,150,36,8,-9999,-9999,010040-99999
1986,10,13,6,27,-14,9602,120,87,7,-9999,-9999,010040-99999
1986,10,13,12,23,-32,9567,120,93,6,-9999,-9999,010040-99999
1986,10,13,18,-9999,-9999,9612,0,0,8,-9999,-9999,010040-99999
1986,10,14,6,-26,-42,9747,280,93,9,-9999,-9999,010040-99999
1986,10,14,12,-42,-51,9811,-9999,-9999,9,-9999,-9999,010040-99999
1986,10,14,18,-35,-46,9847,-9999,-9999,9,-9999,-9999,010040-99999
1986,10,15,6,-28,-40,9858,250,72,8,-9999,-9999,010040-99999
1986,10,15,12,-28,-40,9863,260,26,8,-9999,-9999,010040-99999
1986,10,15,18,-23,-40,9868,310,26,7,-9999,-9999,010040-99999
1986,10,16,12,-63,-97,9875,310,41,7,-9999,-9999,010040-99999
1986,10,16,18,-78,-114,9877,250,15,3,-9999,0,010040-99999
1986,10,17,6,-75,-119,9936,320,93,6,-9999,0,010040-99999
1986,10,17,12,-79,-112,9985,330,93,8,-9999,-9999,010040-99999
1986,10,17,18,-85,-138,10018,330,46,4,-9999,0,010040-99999
1986,10,18,6,-105,-144,10035,300,51,2,-9999,0,010040-99999
1986,10,18,12,-132,-171,10048,170,21,0,-9999,-9999,010040-99999
1986,10,18,18,-115,-174,10051,150,21,0,-9999,0,010040-99999
1986,10,19,6,-138,-186,10082,280,15,1,-9999,0,010040-99999
1986,10,19,12,-91,-153,10092,0,0,6,-9999,-9999,010040-99999
1986,10,19,18,-105,-155,10092,0,0,0,-9999,0,010040-99999
1986,10,20,6,-56,-118,10078,130,98,1,-9999,0,010040-99999
1986,10,20,18,-107,-135,10041,110,51,1,-9999,0,010040-99999
1986,10,21,6,-6,-65,9963,110,108,7,-9999,0,010040-99999
1986,10,21,12,14,-43,9958,120,144,8,-9999,-9999,010040-99999
1986,10,21,18,0,-46,9965,80,10,7,-9999,0,010040-99999
1986,10,22,6,-17,-47,9912,30,5,9,-9999,0,010040-99999
1986,10,22,12,-4,-7,9960,130,15,8,-9999,-9999,010040-99999
1986,10,23,6,-46,-80,9986,0,0,3,-9999,0,010040-99999
1986,10,23,12,-18,-70,9947,100,62,4,-9999,-9999,010040-99999
1986,10,23,18,-22,-74,9889,0,0,7,-9999,0,010040-99999
1986,10,24,6,-17,-90,9876,130,57,6,-9999,0,010040-99999
1986,10,24,12,-38,-100,9862,150,46,4,-9999,-9999,010040-99999
1986,10,24,18,-37,-91,9845,340,87,5,-9999,0,010040-99999
1986,10,25,6,-89,-104,9865,310,108,8,-9999,0,010040-99999
1986,10,25,12,-112,-139,9915,310,108,6,-9999,-9999,010040-99999
1986,10,25,18,-125,-142,9957,310,93,7,-9999,0,010040-99999
1986,10,26,6,-119,-166,10041,200,10,6,-9999,-9999,010040-99999
1986,10,26,12,-91,-146,10056,160,41,8,-9999,-9999,010040-99999
1986,10,26,18,-61,-107,10058,180,31,8,-9999,-9999,010040-99999
1986,10,27,6,-14,-36,9964,120,139,9,-9999,-9999,010040-99999
1986,10,27,9,102,63,-9999,240,15,3,-9999,-9999,010040-99999
1986,10,27,12,14,-48,9919,120,159,8,-9999,-9999,010040-99999
1986,10,27,18,14,-36,9874,130,123,6,-9999,-9999,010040-99999
1986,10,28,12,-63,-97,9906,140,21,6,-9999,-9999,010040-99999
1986,10,28,18,-40,-56,9927,310,62,9,-9999,-9999,010040-99999
1986,10,29,6,-40,-62,9975,150,15,8,-9999,-9999,010040-99999
1986,10,29,12,-64,-80,9998,200,10,3,-9999,-9999,010040-99999
1986,10,29,18,-54,-99,10013,180,15,0,-9999,0,010040-99999
1986,10,29,21,-9999,90,-9999,-9999,-9999,-9999,-9999,-9999,010040-99999
1986,10,30,6,-46,-98,10005,270,10,6,-9999,0,010040-99999
1986,10,30,12,-79,-125,10006,160,15,1,-9999,-9999,010040-99999
1986,10,30,18,-84,-143,10001,140,41,1,-9999,0,010040-99999
1986,10,31,6,-107,-162,10010,0,0,0,-9999,0,010040-99999
1986,10,31,12,-74,-137,10023,150,5,6,-9999,-9999,010040-99999
1986,10,31,18,-70,-133,10032,130,26,1,-9999,0,010040-99999
1986,11,1,6,-110,-181,10044,0,0,0,-9999,0,010040-99999
1986,11,1,18,-93,-162,10061,150,57,2,-9999,0,010040-99999
1986,11,2,6,-116,-184,10048,280,10,0,-9999,0,010040-99999
1986,11,2,12,-112,-178,10040,280,15,5,-9999,-9999,010040-99999
1986,11,2,18,-91,-142,10026,290,21,8,-9999,0,010040-99999
1986,11,3,6,-106,-152,10021,150,10,2,-9999,0,010040-99999
1986,11,3,12,-76,-143,10023,110,62,2,-9999,-9999,010040-99999
1986,11,3,18,-90,-147,10027,150,10,0,-9999,0,010040-99999
1986,11,4,6,-110,-149,10036,0,0,0,-9999,0,010040-99999
1986,11,4,12,-100,-139,10048,160,10,1,-9999,-9999,010040-99999
1986,11,4,18,-86,-129,10059,160,31,1,-9999,0,010040-99999
1986,11,5,6,-62,-102,10080,160,15,8,-9999,0,010040-99999
1986,11,5,12,-48,-87,10093,270,21,8,-9999,-9999,010040-99999
1986,11,5,18,-76,-128,10103,150,10,2,-9999,0,010040-99999
1986,11,6,6,-68,-123,10128,110,103,0,-9999,0,010040-99999
1986,11,6,12,-75,-136,10166,140,93,0,-9999,-9999,010040-99999
1986,11,6,18,-108,-192,10193,140,36,0,-9999,0,010040-99999
1986,11,7,6,-101,-244,10238,140,41,0,-9999,0,010040-99999
1986,11,7,18,-144,-237,10243,150,31,0,-9999,0,010040-99999
1986,11,8,6,-142,-219,10204,160,15,0,-9999,0,010040-99999
1986,11,8,12,-102,-175,10186,130,93,0,-9999,-9999,010040-99999
1986,11,8,18,-118,-186,10168,140,67,0,-9999,0,010040-99999
1986,11,9,6,-151,-219,10114,230,15,0,-9999,0,010040-99999
1986,11,9,12,-155,-207,10089,180,15,0,-9999,-9999,010040-99999
1986,11,9,18,-148,-199,10058,180,15,1,-9999,0,010040-99999
1986,11,10,6,-156,-209,9998,0,0,0,-9999,0,010040-99999
1986,11,10,12,-141,-199,9966,160,21,0,-9999,-9999,010040-99999
1986,11,10,18,-160,-210,9945,240,21,0,-9999,0,010040-99999
1986,11,11,6,-180,-224,9942,0,0,0,-9999,0,010040-99999
1986,11,11,12,-160,-205,9962,240,26,0,-9999,-9999,010040-99999
1986,11,11,18,-120,-180,9982,360,62,2,-9999,0,010040-99999
1986,11,12,6,-129,-175,9989,320,82,8,-9999,-9999,010040-99999
1986,11,12,12,-147,-179,9983,320,103,8,-9999,-9999,010040-99999
1986,11,12,18,-143,-190,9991,320,82,6,-9999,-9999,010040-99999
1986,11,13,6,-132,-164,10006,330,67,8,-9999,-9999,010040-99999
1986,11,13,12,-125,-165,10022,340,46,7,-9999,-9999,010040-99999
1986,11,13,18,-117,-151,10047,320,72,7,-9999,-9999,010040-99999
1986,11,14,6,-134,-165,10106,300,62,7,-9999,-9999,010040-99999
1986,11,14,12,-145,-179,10136,140,36,3,-9999,-9999,010040-99999
1986,11,14,18,-166,-195,10146,140,21,2,-9999,0,010040-99999
1986,11,15,6,-173,-202,10144,0,0,9,-9999,0,010040-99999
1986,11,15,12,-168,-197,10126,160,10,2,-9999,-9999,010040-99999
1986,11,15,18,-149,-185,10097,250,15,0,-9999,0,010040-99999
1986,11,16,6,-87,-160,10031,170,5,5,-9999,0,010040-99999
1986,11,16,12,-46,-111,10014,180,10,8,-9999,-9999,010040-99999
1986,11,16,18,-22,-64,10005,300,21,6,-9999,-9999,010040-99999
1986,11,17,6,-5,-55,10001,110,139,7,-9999,0,010040-99999
1986,11,17,12,-9,-71,9963,120,180,8,-9999,-9999,010040-99999
1986,11,17,18,0,-40,9906,110,170,7,-9999,-9999,010040-99999
1986,11,18,6,36,-31,9896,180,98,7,-9999,-9999,010040-99999
1986,11,18,12,37,-21,9933,160,51,7,-9999,-9999,010040-99999
1986,11,18,18,41,-10,9950,180,93,7,-9999,-9999,010040-99999
1986,11,19,6,16,0,9959,150,31,6,-9999,-9999,010040-99999
1986,11,19,12,7,-12,9944,280,15,6,-9999,-9999,010040-99999
1986,11,19,18,-32,-54,9918,270,15,1,-9999,0,010040-99999
1986,11,20,6,-36,-70,9882,270,31,4,-9999,0,010040-99999
1986,11,20,12,-31,-70,9883,270,10,7,-9999,-9999,010040-99999
1986,11,20,18,-36,-78,9885,0,0,7,-9999,0,010040-99999
1986,11,21,6,-50,-86,9917,0,0,4,-9999,0,010040-99999
1986,11,21,12,-40,-77,9937,0,0,8,-9999,-9999,010040-99999
1986,11,21,18,-39,-80,9955,240,10,6,-9999,0,010040-99999
1986,11,22,6,-46,-98,9986,270,10,6,-9999,0,010040-99999
1986,11,22,12,-48,-85,10008,260,10,8,-9999,-9999,010040-99999
1986,11,22,18,-41,-95,10028,240,15,8,-9999,0,010040-99999
1986,11,23,6,-54,-115,10064,140,41,8,-9999,0,010040-99999
1986,11,23,12,-57,-101,10087,190,10,8,-9999,-9999,010040-99999
1986,11,23,18,-61,-95,10098,260,21,8,-9999,-9999,010040-99999
1986,11,24,6,-89,-124,10127,150,10,6,-9999,-9999,010040-99999
1986,11,24,12,-113,-165,10136,160,46,1,-9999,-9999,010040-99999
1986,11,24,18,-103,-161,10111,150,31,2,-9999,-9999,010040-99999
1986,11,25,6,-68,-137,10047,110,103,0,-9999,0,010040-99999
1986,11,25,12,-78,-164,10025,150,62,2,-9999,-9999,010040-99999
1986,11,25,18,-73,-169,10015,0,0,2,-9999,0,010040-99999
1986,11,26,6,-76,-162,9977,180,15,0,-9999,0,010040-99999
1986,11,26,12,-80,-181,9977,150,21,0,-9999,-9999,010040-99999
1986,11,26,18,-84,-197,9974,170,26,0,-9999,0,010040-99999
1986,11,27,12,-85,-110,9982,160,15,8,-9999,-9999,010040-99999
1986,11,27,18,-104,-123,9985,300,15,8,-9999,-9999,010040-99999
1986,11,28,6,-130,-188,9962,170,31,8,-9999,0,010040-99999
1986,11,28,12,-151,-202,9949,140,46,1,-9999,-9999,010040-99999
1986,11,28,18,-180,-219,9924,0,0,0,-9999,0,010040-99999
1986,11,29,12,-164,-227,9915,250,21,1,-9999,-9999,010040-99999
1986,11,29,18,-145,-213,9928,150,62,1,-9999,0,010040-99999
1986,11,30,6,-164,-233,9940,150,57,1,-9999,0,010040-99999
1986,11,30,12,-177,-253,9944,150,21,3,-9999,-9999,010040-99999
1986,11,30,18,-170,-258,9946,290,15,3,-9999,0,010040-99999
1986,12,1,6,-165,-255,9954,200,41,0,-9999,0,010040-99999
1986,12,1,12,-176,-254,9954,140,21,1,-9999,-9999,010040-99999
1986,12,1,18,-175,-249,9947,150,26,0,-9999,0,010040-99999
1986,12,2,6,-166,-240,9949,140,82,0,-9999,0,010040-99999
1986,12,2,12,-164,-235,9956,130,77,0,-9999,-9999,010040-99999
1986,12,2,18,-148,-226,9972,130,103,0,-9999,0,010040-99999
1986,12,3,6,-149,-246,10000,130,93,0,-9999,0,010040-99999
1986,12,3,12,-155,-252,10007,130,82,1,-9999,-9999,010040-99999
1986,12,3,18,-168,-275,10000,140,98,0,-9999,0,010040-99999
1986,12,4,6,-158,-254,10012,120,93,0,-9999,0,010040-99999
1986,12,4,12,-174,-264,10028,140,98,0,-9999,-9999,010040-99999
1986,12,4,18,-188,-263,10049,130,98,0,-9999,0,010040-99999
1986,12,5,6,-200,-241,10065,350,41,0,-9999,0,010040-99999
1986,12,5,12,-210,-249,10057,330,67,8,-9999,-9999,010040-99999
1986,12,5,18,-225,-269,10047,330,51,3,-9999,-9999,010040-99999
1986,12,6,6,-238,-289,10040,360,51,0,-9999,0,010040-99999
1986,12,6,12,-241,-288,10057,350,41,2,-9999,-9999,010040-99999
1986,12,6,18,-233,-287,10065,350,46,2,-9999,0,010040-99999
1986,12,7,6,-220,-264,10133,350,57,0,-9999,0,010040-99999
1986,12,7,12,-213,-258,10169,340,62,4,-9999,-9999,010040-99999
1986,12,7,18,-202,-247,10174,360,41,1,-9999,-9999,010040-99999
1986,12,8,6,-228,-268,10160,250,5,0,-9999,0,010040-99999
1986,12,8,12,-211,-261,10115,180,10,0,-9999,-9999,010040-99999
1986,12,8,18,-177,-247,10119,200,10,0,-9999,0,010040-99999
1986,12,9,6,-161,-257,10091,140,41,0,-9999,0,010040-99999
1986,12,9,12,-154,-234,10095,170,31,0,-9999,-9999,010040-99999
1986,12,9,18,-140,-238,10097,130,51,0,-9999,0,010040-99999
1986,12,10,6,-129,-206,10122,270,41,0,-9999,0,010040-99999
1986,12,10,12,-132,-218,10164,230,21,0,-9999,-9999,010040-99999
1986,12,10,18,-120,-200,10210,210,26,0,-9999,0,010040-99999
1986,12,11,6,-107,-140,10283,140,21,0,-9999,0,010040-99999
1986,12,11,18,-103,-172,10298,140,41,5,-9999,0,010040-99999
1986,12,12,6,-42,-98,10240,120,139,5,-9999,0,010040-99999
1986,12,12,12,-34,-113,10223,120,134,4,-9999,-9999,010040-99999
1986,12,12,18,-49,-103,10201,120,164,3,-9999,0,010040-99999
1986,12,13,6,-60,-132,10254,120,164,6,-9999,0,010040-99999
1986,12,13,12,-54,-115,10306,110,129,7,-9999,-9999,010040-99999
1986,12,13,18,-49,-99,10332,120,103,8,-9999,0,010040-99999
1986,12,14,12,-20,-66,10337,110,46,8,-9999,-9999,010040-99999
1986,12,14,18,-12,-68,10349,160,21,5,-9999,0,010040-99999
1986,12,15,6,-10,-69,10281,100,21,8,-9999,0,010040-99999
1986,12,15,12,-32,-69,10259,260,21,8,-9999,-9999,010040-99999
1986,12,15,18,-26,-78,10242,140,21,8,-9999,0,010040-99999
1986,12,16,18,-90,-145,10228,270,15,0,-9999,0,010040-99999
1986,12,17,6,-88,-131,10197,200,10,8,-9999,0,010040-99999
1986,12,17,12,-59,-103,10184,0,0,8,-9999,-9999,010040-99999
1986,12,17,18,-42,-89,10163,250,62,8,-9999,0,010040-99999
1986,12,18,6,-30,-96,10119,280,51,8,-9999,0,010040-99999
1986,12,18,12,-33,-84,10109,300,62,0,-9999,-9999,010040-99999
1986,12,18,18,-42,-79,10096,290,62,8,-9999,-9999,010040-99999
1986,12,19,18,-100,-125,10115,140,51,8,-9999,-9999,010040-99999
1986,12,20,6,-117,-136,10152,150,41,8,-9999,-9999,010040-99999
1986,12,20,12,-90,-116,10160,170,15,8,-9999,-9999,010040-99999
1986,12,20,18,-100,-133,10178,280,21,5,-9999,-9999,010040-99999
1986,12,21,6,-80,-115,10189,160,36,8,-9999,-9999,010040-99999
1986,12,21,12,-61,-107,10188,120,15,8,-9999,-9999,010040-99999
1986,12,21,18,-44,-106,10188,160,57,8,-9999,0,010040-99999
1986,12,22,6,-42,-79,10186,120,82,8,-9999,-9999,010040-99999
1986,12,22,12,-34,-36,10180,100,15,9,-9999,-9999,010040-99999
1986,12,22,18,-42,-49,10175,150,26,8,-9999,-9999,010040-99999
1986,12,23,6,-10,-66,10126,240,72,8,-9999,-9999,010040-99999
1986,12,23,12,0,-25,10085,180,67,8,-9999,-9999,010040-99999
1986,12,23,18,8,-5,10074,240,41,9,-9999,-9999,010040-99999
1986,12,24,6,14,-39,10080,160,21,8,-9999,-9999,010040-99999
1986,12,24,12,18,-35,10060,170,62,8,-9999,-9999,010040-99999
1986,12,24,18,30,-4,10036,120,62,8,-9999,-9999,010040-99999
1986,12,25,6,27,-16,9995,160,41,8,-9999,-9999,010040-99999
1986,12,25,18,-14,-70,9928,120,113,4,-9999,0,010040-99999
1986,12,26,6,-13,-13,10010,310,31,8,-9999,0,010040-99999
1986,12,26,12,-18,-34,10044,280,31,8,-9999,-9999,010040-99999
1986,12,26,18,-25,-231,10051,190,15,8,-9999,0,010040-99999
1986,12,27,6,-27,-87,10077,100,72,5,-9999,0,010040-99999
1986,12,27,12,-33,-105,10093,120,93,4,-9999,-9999,010040-99999
1986,12,28,6,-73,-140,10085,110,62,4,-9999,0,010040-99999
1986,12,28,12,-87,-146,10076,140,36,2,-9999,-9999,010040-99999
1986,12,28,18,-111,-161,10064,180,15,1,-9999,0,010040-99999
1986,12,29,6,-94,-127,10056,140,26,8,-9999,-9999,010040-99999
1986,12,29,12,-106,-154,10062,140,51,7,-9999,-9999,010040-99999
1986,12,29,18,-119,-176,10061,140,51,0,-9999,0,010040-99999
1986,12,30,6,-134,-201,10059,140,31,0,-9999,0,010040-99999
1986,12,30,12,-155,-202,10067,160,21,0,-9999,-9999,010040-99999
1986,12,30,18,-135,-191,10072,160,21,0,-9999,0,010040-99999
1986,12,31,12,-98,-189,10119,170,36,1,-9999,-9999,010040-99999
1986,12,31,18,-71,-119,10118,120,123,3,-9999,0,010040-99999
